model,family,mae,rmse,wape,smape
ETS,baseline estatistico,216.30277126607479,307.637516124997,0.09988275798454975,0.10421723510745443
XGBoost,ML classico,256.66600138346354,332.82776504417603,0.11852140381276503,0.12372140192334934
Prophet,baseline estatistico,257.58430350793003,321.81793358593416,0.11894545084793666,0.13188244212291797
Seasonal Naive,baseline estatistico,259.06666666666666,352.2796868651069,0.1196299659827297,0.13614248003370097
RC,reservoir computing classico,324.2944321758988,423.41662100576525,0.14975038042817068,0.1652865444138166
LSTM,DL classico,371.8269597820945,461.342140756589,0.17169961354938407,0.1822180237433838
QRC14x7,reservoir computing quantico,441.2864160243511,525.3248494271749,0.20377410809688817,0.22685583152317873
QRC8x5,reservoir computing quantico,455.83268536520063,526.9489961813957,0.21049118107586956,0.23421789832482148
