{
  "mae": 216.30277126607479,
  "rmse": 307.637516124997,
  "wape": 0.09988275798454975,
  "smape": 0.10421723510745443
}