{
  "mae": 324.2944321758988,
  "rmse": 423.41662100576525,
  "wape": 0.14975038042817068,
  "smape": 0.1652865444138166
}