{
  "mae": 441.2864160243511,
  "rmse": 525.3248494271749,
  "wape": 0.20377410809688817,
  "smape": 0.22685583152317873
}