{
  "mae": 256.66600138346354,
  "rmse": 332.82776504417603,
  "wape": 0.11852140381276503,
  "smape": 0.12372140192334934
}