dow,com promocao,sem promocao
Monday,2074.445205479452,1125.2842105263157
Tuesday,2016.3509933774835,1046.043956043956
Wednesday,2248.32,1166.3076923076924
Thursday,1927.3642857142856,1074.4455445544554
Friday,2116.1310344827584,1133.84375
Saturday,2209.903448275862,1232.53125
Sunday,977.3169014084507,498.7979797979798
