{
  "mae": 259.06666666666666,
  "rmse": 352.2796868651069,
  "wape": 0.1196299659827297,
  "smape": 0.13614248003370097
}