{
  "mae": 371.8269597820945,
  "rmse": 461.342140756589,
  "wape": 0.17169961354938407,
  "smape": 0.1822180237433838
}