{
  "mae": 257.58430350793003,
  "rmse": 321.81793358593416,
  "wape": 0.11894545084793666,
  "smape": 0.13188244212291797
}