model,mae,rmse,wape,smape
QRC14x7,441.2864160243511,525.3248494271749,0.20377410809688817,0.22685583152317873
QRC8x5,455.83268536520063,526.9489961813957,0.21049118107586956,0.23421789832482148
RC,324.2944321758988,423.41662100576525,0.14975038042817068,0.1652865444138166
ETS,216.30277126607479,307.637516124997,0.09988275798454975,0.10421723510745443
XGBoost,256.66600138346354,332.82776504417603,0.11852140381276503,0.12372140192334934
